{
	"info": {
		"_postman_id": "888878ce-131c-443b-b4db-6f51c0a893c5",
		"name": "pnc_vc2",
		"schema": "https://schema.getpostman.com/json/collection/v2.1.0/collection.json",
		"_exporter_id": "14733852"
	},
	"item": [
		{
			"name": "auth",
			"item": [
				{
					"name": "login",
					"request": {
						"method": "POST",
						"header": [],
						"body": {
							"mode": "raw",
							"raw": "{\n    \"email\": \"admin@gmail.com\",\n    \"password\": \"password\"\n}",
							"options": {
								"raw": {
									"language": "json"
								}
							}
						},
						"url": {
							"raw": "http://127.0.0.1:8000/api/login",
							"protocol": "http",
							"host": [
								"127",
								"0",
								"0",
								"1"
							],
							"port": "8000",
							"path": [
								"api",
								"login"
							]
						}
					},
					"response": []
				},
				{
					"name": "profile",
					"protocolProfileBehavior": {
						"disableBodyPruning": true
					},
					"request": {
						"auth": {
							"type": "bearer",
							"bearer": [
								{
									"key": "token",
									"value": "7|4IKiSXhFzwBqjzwgTRQFj9Wwf0bRE8UtP17cPMOz65ac5a9e",
									"type": "string"
								}
							]
						},
						"method": "GET",
						"header": [
							{
								"key": "Authorization",
								"value": "{{auth}}",
								"type": "text"
							}
						],
						"body": {
							"mode": "raw",
							"raw": "{\n    \"email\": \"admin@gmail.com\",\n    \"password\": \"password\"\n}",
							"options": {
								"raw": {
									"language": "json"
								}
							}
						},
						"url": {
							"raw": "http://127.0.0.1:8000/api/me",
							"protocol": "http",
							"host": [
								"127",
								"0",
								"0",
								"1"
							],
							"port": "8000",
							"path": [
								"api",
								"me"
							]
						}
					},
					"response": []
				}
			]
		},
		{
			"name": "post",
			"item": [
				{
					"name": "list",
					"request": {
						"auth": {
							"type": "bearer",
							"bearer": [
								{
									"key": "token",
									"value": "2|oionwH4oiIWDjHZaY6qAkKbw5VYKN5dMU1gKIzTM0bd85aa4",
									"type": "string"
								}
							]
						},
						"method": "GET",
						"header": [],
						"url": {
							"raw": "http://127.0.0.1:8000/api/post/list",
							"protocol": "http",
							"host": [
								"127",
								"0",
								"0",
								"1"
							],
							"port": "8000",
							"path": [
								"api",
								"post",
								"list"
							]
						}
					},
					"response": []
				}
			]
		}
	],
	"event": [
		{
			"listen": "prerequest",
			"script": {
				"type": "text/javascript",
				"packages": {},
				"exec": [
					""
				]
			}
		},
		{
			"listen": "test",
			"script": {
				"type": "text/javascript",
				"packages": {},
				"exec": [
					""
				]
			}
		}
	],
	"variable": [
		{
			"key": "host",
			"value": "app.test:3000",
			"type": "string"
		},
		{
			"key": "base_url",
			"value": "http://api.app.test",
			"type": "string"
		},
		{
			"key": "xsrf-cookie",
			"value": "",
			"type": "string"
		},
		{
			"key": "token",
			"value": "",
			"type": "string"
		}
	]
}